V2I sumrate,V2V sumrate,"V2I, V2V sumrate",outageprobability
170.20166890256039,10.664777063662033,180.86644596622241,0.013497405824452479
