V2I sumrate,V2V sumrate,"V2I, V2V sumrate",outageprobability
174.3678627427856,10.817042210964694,185.1849049537503,0.00999999000001
137.78794472572278,21.208092816984433,158.9960375427072,0.02040815285298324
109.88944863970892,32.058299228608,141.94774786831692,0.0331125718170292
79.72748086916259,41.190995073595886,120.91847594275848,0.053708426161527836
85.67370808022906,47.87625581495989,133.54996389518897,0.037777769382717916
